[{"model": "admin.logentry", "pk": 1, "fields": {"action_time": "2024-12-26T16:55:20.055Z", "user": 1, "content_type": 6, "object_id": "1", "object_repr": "BITRIDGE LLC", "action_flag": 1, "change_message": "[{\"added\": {}}]"}}, {"model": "admin.logentry", "pk": 2, "fields": {"action_time": "2024-12-26T16:55:41.171Z", "user": 1, "content_type": 8, "object_id": "1", "object_repr": "BITRIDGE LLC - Bitridge SEO", "action_flag": 1, "change_message": "[{\"added\": {}}]"}}, {"model": "admin.logentry", "pk": 3, "fields": {"action_time": "2024-12-26T16:56:27.829Z", "user": 1, "content_type": 10, "object_id": "1", "object_repr": "Bitridge SEO - 2024-12-26", "action_flag": 1, "change_message": "[{\"added\": {}}]"}}, {"model": "admin.logentry", "pk": 4, "fields": {"action_time": "2024-12-26T17:04:26.613Z", "user": 1, "content_type": 7, "object_id": "2", "object_repr": "Muzammal", "action_flag": 1, "change_message": "[{\"added\": {}}]"}}, {"model": "admin.logentry", "pk": 5, "fields": {"action_time": "2024-12-26T17:07:06.458Z", "user": 1, "content_type": 7, "object_id": "2", "object_repr": "Muzammal", "action_flag": 2, "change_message": "[{\"changed\": {\"fields\": [\"Staff status\"]}}]"}}, {"model": "admin.logentry", "pk": 6, "fields": {"action_time": "2024-12-26T17:37:42.472Z", "user": 1, "content_type": 6, "object_id": "1", "object_repr": "BITRIDGE LLC", "action_flag": 2, "change_message": "[]"}}, {"model": "admin.logentry", "pk": 7, "fields": {"action_time": "2024-12-27T08:27:18.421Z", "user": 1, "content_type": 8, "object_id": "1", "object_repr": "BITRIDGE LLC - Bitridge SEO", "action_flag": 2, "change_message": "[{\"changed\": {\"fields\": [\"Providers\"]}}]"}}, {"model": "admin.logentry", "pk": 8, "fields": {"action_time": "2024-12-27T10:35:03.126Z", "user": 1, "content_type": 8, "object_id": "1", "object_repr": "BITRIDGE LLC - Bitridge SEO", "action_flag": 2, "change_message": "[]"}}, {"model": "admin.logentry", "pk": 9, "fields": {"action_time": "2024-12-27T11:32:27.045Z", "user": 1, "content_type": 9, "object_id": "1", "object_repr": "Bitridge SEO - Work Overview", "action_flag": 1, "change_message": "[{\"added\": {}}]"}}, {"model": "admin.logentry", "pk": 10, "fields": {"action_time": "2024-12-27T11:44:07.531Z", "user": 1, "content_type": 14, "object_id": "1", "object_repr": "solo", "action_flag": 1, "change_message": "[{\"added\": {}}]"}}, {"model": "admin.logentry", "pk": 11, "fields": {"action_time": "2024-12-30T10:09:25.356Z", "user": 1, "content_type": 7, "object_id": "2", "object_repr": "Muzammal", "action_flag": 2, "change_message": "[{\"changed\": {\"fields\": [\"password\"]}}]"}}, {"model": "admin.logentry", "pk": 12, "fields": {"action_time": "2024-12-30T10:09:39.094Z", "user": 1, "content_type": 7, "object_id": "2", "object_repr": "Muzammal", "action_flag": 2, "change_message": "[{\"changed\": {\"fields\": [\"First name\", \"Last name\", \"Email address\"]}}]"}}, {"model": "admin.logentry", "pk": 13, "fields": {"action_time": "2024-12-30T10:36:51.854Z", "user": 1, "content_type": 3, "object_id": "1", "object_repr": "Manager", "action_flag": 1, "change_message": "[{\"added\": {}}]"}}, {"model": "admin.logentry", "pk": 14, "fields": {"action_time": "2024-12-30T10:37:38.353Z", "user": 1, "content_type": 7, "object_id": "3", "object_repr": "saleem", "action_flag": 1, "change_message": "[{\"added\": {}}]"}}, {"model": "admin.logentry", "pk": 15, "fields": {"action_time": "2024-12-30T10:37:50.186Z", "user": 1, "content_type": 7, "object_id": "3", "object_repr": "saleem", "action_flag": 2, "change_message": "[{\"changed\": {\"fields\": [\"Groups\"]}}]"}}, {"model": "admin.logentry", "pk": 16, "fields": {"action_time": "2024-12-30T10:38:06.612Z", "user": 1, "content_type": 7, "object_id": "3", "object_repr": "saleem", "action_flag": 2, "change_message": "[{\"changed\": {\"fields\": [\"First name\", \"Last name\", \"Email address\"]}}]"}}, {"model": "admin.logentry", "pk": 17, "fields": {"action_time": "2024-12-30T10:39:03.401Z", "user": 1, "content_type": 7, "object_id": "3", "object_repr": "saleem", "action_flag": 2, "change_message": "[{\"changed\": {\"fields\": [\"password\"]}}]"}}, {"model": "admin.logentry", "pk": 18, "fields": {"action_time": "2024-12-30T10:47:01.250Z", "user": 1, "content_type": 7, "object_id": "3", "object_repr": "saleem", "action_flag": 2, "change_message": "[{\"changed\": {\"fields\": [\"Staff status\"]}}]"}}, {"model": "auth.permission", "pk": 1, "fields": {"name": "Can add log entry", "content_type": 1, "codename": "add_logentry"}}, {"model": "auth.permission", "pk": 2, "fields": {"name": "Can change log entry", "content_type": 1, "codename": "change_logentry"}}, {"model": "auth.permission", "pk": 3, "fields": {"name": "Can delete log entry", "content_type": 1, "codename": "delete_logentry"}}, {"model": "auth.permission", "pk": 4, "fields": {"name": "Can view log entry", "content_type": 1, "codename": "view_logentry"}}, {"model": "auth.permission", "pk": 5, "fields": {"name": "Can add permission", "content_type": 2, "codename": "add_permission"}}, {"model": "auth.permission", "pk": 6, "fields": {"name": "Can change permission", "content_type": 2, "codename": "change_permission"}}, {"model": "auth.permission", "pk": 7, "fields": {"name": "Can delete permission", "content_type": 2, "codename": "delete_permission"}}, {"model": "auth.permission", "pk": 8, "fields": {"name": "Can view permission", "content_type": 2, "codename": "view_permission"}}, {"model": "auth.permission", "pk": 9, "fields": {"name": "Can add group", "content_type": 3, "codename": "add_group"}}, {"model": "auth.permission", "pk": 10, "fields": {"name": "Can change group", "content_type": 3, "codename": "change_group"}}, {"model": "auth.permission", "pk": 11, "fields": {"name": "Can delete group", "content_type": 3, "codename": "delete_group"}}, {"model": "auth.permission", "pk": 12, "fields": {"name": "Can view group", "content_type": 3, "codename": "view_group"}}, {"model": "auth.permission", "pk": 13, "fields": {"name": "Can add content type", "content_type": 4, "codename": "add_contenttype"}}, {"model": "auth.permission", "pk": 14, "fields": {"name": "Can change content type", "content_type": 4, "codename": "change_contenttype"}}, {"model": "auth.permission", "pk": 15, "fields": {"name": "Can delete content type", "content_type": 4, "codename": "delete_contenttype"}}, {"model": "auth.permission", "pk": 16, "fields": {"name": "Can view content type", "content_type": 4, "codename": "view_contenttype"}}, {"model": "auth.permission", "pk": 17, "fields": {"name": "Can add session", "content_type": 5, "codename": "add_session"}}, {"model": "auth.permission", "pk": 18, "fields": {"name": "Can change session", "content_type": 5, "codename": "change_session"}}, {"model": "auth.permission", "pk": 19, "fields": {"name": "Can delete session", "content_type": 5, "codename": "delete_session"}}, {"model": "auth.permission", "pk": 20, "fields": {"name": "Can view session", "content_type": 5, "codename": "view_session"}}, {"model": "auth.permission", "pk": 21, "fields": {"name": "Can add client", "content_type": 6, "codename": "add_client"}}, {"model": "auth.permission", "pk": 22, "fields": {"name": "Can change client", "content_type": 6, "codename": "change_client"}}, {"model": "auth.permission", "pk": 23, "fields": {"name": "Can delete client", "content_type": 6, "codename": "delete_client"}}, {"model": "auth.permission", "pk": 24, "fields": {"name": "Can view client", "content_type": 6, "codename": "view_client"}}, {"model": "auth.permission", "pk": 25, "fields": {"name": "Can add user", "content_type": 7, "codename": "add_customuser"}}, {"model": "auth.permission", "pk": 26, "fields": {"name": "Can change user", "content_type": 7, "codename": "change_customuser"}}, {"model": "auth.permission", "pk": 27, "fields": {"name": "Can delete user", "content_type": 7, "codename": "delete_customuser"}}, {"model": "auth.permission", "pk": 28, "fields": {"name": "Can view user", "content_type": 7, "codename": "view_customuser"}}, {"model": "auth.permission", "pk": 29, "fields": {"name": "Can add project", "content_type": 8, "codename": "add_project"}}, {"model": "auth.permission", "pk": 30, "fields": {"name": "Can change project", "content_type": 8, "codename": "change_project"}}, {"model": "auth.permission", "pk": 31, "fields": {"name": "Can delete project", "content_type": 8, "codename": "delete_project"}}, {"model": "auth.permission", "pk": 32, "fields": {"name": "Can view project", "content_type": 8, "codename": "view_project"}}, {"model": "auth.permission", "pk": 33, "fields": {"name": "Can add report section", "content_type": 9, "codename": "add_reportsection"}}, {"model": "auth.permission", "pk": 34, "fields": {"name": "Can change report section", "content_type": 9, "codename": "change_reportsection"}}, {"model": "auth.permission", "pk": 35, "fields": {"name": "Can delete report section", "content_type": 9, "codename": "delete_reportsection"}}, {"model": "auth.permission", "pk": 36, "fields": {"name": "Can view report section", "content_type": 9, "codename": "view_reportsection"}}, {"model": "auth.permission", "pk": 37, "fields": {"name": "Can add seo log", "content_type": 10, "codename": "add_seolog"}}, {"model": "auth.permission", "pk": 38, "fields": {"name": "Can change seo log", "content_type": 10, "codename": "change_seolog"}}, {"model": "auth.permission", "pk": 39, "fields": {"name": "Can delete seo log", "content_type": 10, "codename": "delete_seolog"}}, {"model": "auth.permission", "pk": 40, "fields": {"name": "Can view seo log", "content_type": 10, "codename": "view_seolog"}}, {"model": "auth.permission", "pk": 41, "fields": {"name": "Can add media", "content_type": 11, "codename": "add_media"}}, {"model": "auth.permission", "pk": 42, "fields": {"name": "Can change media", "content_type": 11, "codename": "change_media"}}, {"model": "auth.permission", "pk": 43, "fields": {"name": "Can delete media", "content_type": 11, "codename": "delete_media"}}, {"model": "auth.permission", "pk": 44, "fields": {"name": "Can view media", "content_type": 11, "codename": "view_media"}}, {"model": "auth.permission", "pk": 45, "fields": {"name": "Can add User Settings", "content_type": 12, "codename": "add_usersettings"}}, {"model": "auth.permission", "pk": 46, "fields": {"name": "Can change User Settings", "content_type": 12, "codename": "change_usersettings"}}, {"model": "auth.permission", "pk": 47, "fields": {"name": "Can delete User Settings", "content_type": 12, "codename": "delete_usersettings"}}, {"model": "auth.permission", "pk": 48, "fields": {"name": "Can view User Settings", "content_type": 12, "codename": "view_usersettings"}}, {"model": "auth.permission", "pk": 49, "fields": {"name": "Can add Notification", "content_type": 13, "codename": "add_notification"}}, {"model": "auth.permission", "pk": 50, "fields": {"name": "Can change Notification", "content_type": 13, "codename": "change_notification"}}, {"model": "auth.permission", "pk": 51, "fields": {"name": "Can delete Notification", "content_type": 13, "codename": "delete_notification"}}, {"model": "auth.permission", "pk": 52, "fields": {"name": "Can view Notification", "content_type": 13, "codename": "view_notification"}}, {"model": "auth.permission", "pk": 53, "fields": {"name": "Can add SEO Log File", "content_type": 14, "codename": "add_seologfile"}}, {"model": "auth.permission", "pk": 54, "fields": {"name": "Can change SEO Log File", "content_type": 14, "codename": "change_seologfile"}}, {"model": "auth.permission", "pk": 55, "fields": {"name": "Can delete SEO Log File", "content_type": 14, "codename": "delete_seologfile"}}, {"model": "auth.permission", "pk": 56, "fields": {"name": "Can view SEO Log File", "content_type": 14, "codename": "view_seologfile"}}, {"model": "auth.permission", "pk": 57, "fields": {"name": "Can add customer", "content_type": 6, "codename": "add_customer"}}, {"model": "auth.permission", "pk": 58, "fields": {"name": "Can change customer", "content_type": 6, "codename": "change_customer"}}, {"model": "auth.permission", "pk": 59, "fields": {"name": "Can delete customer", "content_type": 6, "codename": "delete_customer"}}, {"model": "auth.permission", "pk": 60, "fields": {"name": "Can view customer", "content_type": 6, "codename": "view_customer"}}, {"model": "auth.permission", "pk": 61, "fields": {"name": "Can add report", "content_type": 15, "codename": "add_report"}}, {"model": "auth.permission", "pk": 62, "fields": {"name": "Can change report", "content_type": 15, "codename": "change_report"}}, {"model": "auth.permission", "pk": 63, "fields": {"name": "Can delete report", "content_type": 15, "codename": "delete_report"}}, {"model": "auth.permission", "pk": 64, "fields": {"name": "Can view report", "content_type": 15, "codename": "view_report"}}, {"model": "auth.permission", "pk": 65, "fields": {"name": "Can add report attachment", "content_type": 16, "codename": "add_reportattachment"}}, {"model": "auth.permission", "pk": 66, "fields": {"name": "Can change report attachment", "content_type": 16, "codename": "change_reportattachment"}}, {"model": "auth.permission", "pk": 67, "fields": {"name": "Can delete report attachment", "content_type": 16, "codename": "delete_reportattachment"}}, {"model": "auth.permission", "pk": 68, "fields": {"name": "Can view report attachment", "content_type": 16, "codename": "view_reportattachment"}}, {"model": "auth.permission", "pk": 69, "fields": {"name": "Can add attachment access", "content_type": 17, "codename": "add_attachmentaccess"}}, {"model": "auth.permission", "pk": 70, "fields": {"name": "Can change attachment access", "content_type": 17, "codename": "change_attachmentaccess"}}, {"model": "auth.permission", "pk": 71, "fields": {"name": "Can delete attachment access", "content_type": 17, "codename": "delete_attachmentaccess"}}, {"model": "auth.permission", "pk": 72, "fields": {"name": "Can view attachment access", "content_type": 17, "codename": "view_attachmentaccess"}}, {"model": "auth.permission", "pk": 73, "fields": {"name": "Can add report section order", "content_type": 18, "codename": "add_reportsectionorder"}}, {"model": "auth.permission", "pk": 74, "fields": {"name": "Can change report section order", "content_type": 18, "codename": "change_reportsectionorder"}}, {"model": "auth.permission", "pk": 75, "fields": {"name": "Can delete report section order", "content_type": 18, "codename": "delete_reportsectionorder"}}, {"model": "auth.permission", "pk": 76, "fields": {"name": "Can view report section order", "content_type": 18, "codename": "view_reportsectionorder"}}, {"model": "auth.permission", "pk": 77, "fields": {"name": "Can add report version", "content_type": 19, "codename": "add_reportversion"}}, {"model": "auth.permission", "pk": 78, "fields": {"name": "Can change report version", "content_type": 19, "codename": "change_reportversion"}}, {"model": "auth.permission", "pk": 79, "fields": {"name": "Can delete report version", "content_type": 19, "codename": "delete_reportversion"}}, {"model": "auth.permission", "pk": 80, "fields": {"name": "Can view report version", "content_type": 19, "codename": "view_reportversion"}}, {"model": "auth.permission", "pk": 81, "fields": {"name": "Can add attachment", "content_type": 20, "codename": "add_attachment"}}, {"model": "auth.permission", "pk": 82, "fields": {"name": "Can change attachment", "content_type": 20, "codename": "change_attachment"}}, {"model": "auth.permission", "pk": 83, "fields": {"name": "Can delete attachment", "content_type": 20, "codename": "delete_attachment"}}, {"model": "auth.permission", "pk": 84, "fields": {"name": "Can view attachment", "content_type": 20, "codename": "view_attachment"}}, {"model": "auth.group", "pk": 1, "fields": {"name": "Manager", "permissions": [21, 57, 22, 58, 23, 59, 24, 60]}}, {"model": "contenttypes.contenttype", "pk": 1, "fields": {"app_label": "admin", "model": "logentry"}}, {"model": "contenttypes.contenttype", "pk": 2, "fields": {"app_label": "auth", "model": "permission"}}, {"model": "contenttypes.contenttype", "pk": 3, "fields": {"app_label": "auth", "model": "group"}}, {"model": "contenttypes.contenttype", "pk": 4, "fields": {"app_label": "contenttypes", "model": "contenttype"}}, {"model": "contenttypes.contenttype", "pk": 5, "fields": {"app_label": "sessions", "model": "session"}}, {"model": "contenttypes.contenttype", "pk": 6, "fields": {"app_label": "core", "model": "customer"}}, {"model": "contenttypes.contenttype", "pk": 7, "fields": {"app_label": "core", "model": "customuser"}}, {"model": "contenttypes.contenttype", "pk": 8, "fields": {"app_label": "core", "model": "project"}}, {"model": "contenttypes.contenttype", "pk": 9, "fields": {"app_label": "core", "model": "reportsection"}}, {"model": "contenttypes.contenttype", "pk": 10, "fields": {"app_label": "core", "model": "seolog"}}, {"model": "contenttypes.contenttype", "pk": 11, "fields": {"app_label": "core", "model": "media"}}, {"model": "contenttypes.contenttype", "pk": 12, "fields": {"app_label": "core", "model": "usersettings"}}, {"model": "contenttypes.contenttype", "pk": 13, "fields": {"app_label": "core", "model": "notification"}}, {"model": "contenttypes.contenttype", "pk": 14, "fields": {"app_label": "core", "model": "seologfile"}}, {"model": "contenttypes.contenttype", "pk": 15, "fields": {"app_label": "core", "model": "report"}}, {"model": "contenttypes.contenttype", "pk": 16, "fields": {"app_label": "core", "model": "reportattachment"}}, {"model": "contenttypes.contenttype", "pk": 17, "fields": {"app_label": "core", "model": "attachmentaccess"}}, {"model": "contenttypes.contenttype", "pk": 18, "fields": {"app_label": "core", "model": "reportsectionorder"}}, {"model": "contenttypes.contenttype", "pk": 19, "fields": {"app_label": "core", "model": "reportversion"}}, {"model": "contenttypes.contenttype", "pk": 20, "fields": {"app_label": "django_summernote", "model": "attachment"}}, {"model": "sessions.session", "pk": "09gq8gi23lbdopkuia5oqgee0yzq7qte", "fields": {"session_data": ".eJxVjDsOwjAQBe_iGln2xl9K-pwhWu9aOIBsKU4qxN1JpBTQzsx7bzHhtpZp63mZZhZXMYjLL0tIz1wPwQ-s9yap1XWZkzwSedoux8b5dTvbv4OCvezrrMGiAs8Jg2EKToNmIEAiBA-EbKMzilVkb3eWzaBtABdyDF7FJD5f6pw3xg:1tSDBK:rAPxlVqY17yzmyAV0XtD9FX_JryY-gTZStGgvsEOj98", "expire_date": "2025-01-13T10:39:30.101Z"}}, {"model": "sessions.session", "pk": "2p2o8r0uftxbh24twbgqhrrdjva2mpmu", "fields": {"session_data": ".eJxVjDsOwjAQBe_iGllef4GSnjNYa-8GB5AtxUmFuDtYSgHlezOal4i4rSVunZc4kzgLEIffL2F-cB2A7lhvTeZW12VOcihyp11eG_Hzsrt_gYK9jKw2pF3Q6ChknDwYzD6zdaxAK0sqeTTfhTYF4KzAGWA6akbgdJpIvD_drjg2:1tQqv3:INUxk3jPhsgVn1RP9uimC9oJZOKcGFlSok8efUc80hs", "expire_date": "2025-01-09T16:41:05.308Z"}}, {"model": "sessions.session", "pk": "ihpvj58mc78wnalyi3hqvon1flk23pph", "fields": {"session_data": ".eJxVjDsOwjAQBe_iGllef4GSnjNYa-8GB5AtxUmFuDtYSgHlezOal4i4rSVunZc4kzgLEIffL2F-cB2A7lhvTeZW12VOcihyp11eG_Hzsrt_gYK9jKw2pF3Q6ChknDwYzD6zdaxAK0sqeTTfhTYF4KzAGWA6akbgdJpIvD_drjg2:1tVrJa:bNROK2pHKK5hADjDwPITN_EMwS8-NBFnvnEf_PJGGN8", "expire_date": "2025-01-23T12:07:06.615Z"}}, {"model": "sessions.session", "pk": "qlk9u6knqm92op44jtk1fpsqnz0f8b56", "fields": {"session_data": ".eJxVjDsOwjAQBe_iGllef4GSnjNYa-8GB5AtxUmFuDtYSgHlezOal4i4rSVunZc4kzgLEIffL2F-cB2A7lhvTeZW12VOcihyp11eG_Hzsrt_gYK9jKw2pF3Q6ChknDwYzD6zdaxAK0sqeTTfhTYF4KzAGWA6akbgdJpIvD_drjg2:1tSDAt:UPw28IiMv09tlGOHmR1JbvJDr7aC9-Ubq13oSblXrIs", "expire_date": "2025-01-13T10:39:03.404Z"}}, {"model": "core.customuser", "pk": 1, "fields": {"password": "pbkdf2_sha256$870000$Op49HXHThF3mhmdfDqG4ke$cNuFO6fG2Azn7I6fjcVXKihqHGYN0xKy53ZtufQxtZU=", "last_login": "2025-01-09T12:07:06.614Z", "is_superuser": true, "username": "Hasan", "first_name": "Hasan", "last_name": "Zaheer", "email": "hasan@technotch.dev", "is_staff": true, "is_active": true, "date_joined": "2024-12-26T16:26:07.645Z", "role": "admin", "groups": [], "user_permissions": []}}, {"model": "core.customuser", "pk": 2, "fields": {"password": "pbkdf2_sha256$870000$E6yDKiIznuz52E9gVsc8f0$RPrUO8MXuzdmSDYh996cMZN/ll8w1jRnFoFn82t9DLI=", "last_login": "2025-01-08T15:31:20.782Z", "is_superuser": false, "username": "Muzammal", "first_name": "Muzammal", "last_name": "Rafi", "email": "muzammal@technotch.dev", "is_staff": true, "is_active": true, "date_joined": "2024-12-26T17:04:26Z", "role": "provider", "groups": [], "user_permissions": []}}, {"model": "core.customuser", "pk": 3, "fields": {"password": "pbkdf2_sha256$870000$eXFSqnRPIkDnBcJR9MJrPa$acShaH7iawsAfEBR1GOm4Zrhd59ldaLdo13pPVFnhG8=", "last_login": "2024-12-30T10:39:30Z", "is_superuser": false, "username": "saleem", "first_name": "Muhammad", "last_name": "Saleem", "email": "seo@technotch.dev", "is_staff": true, "is_active": true, "date_joined": "2024-12-30T10:37:38Z", "role": "provider", "groups": [], "user_permissions": []}}, {"model": "core.customuser", "pk": 4, "fields": {"password": "pbkdf2_sha256$870000$VXWPOFmWhO0Helb2fJJQwy$n0XWWoIAx6B/S/AoHjre9e1sUAqCFtCT2OYopXXhWn8=", "last_login": null, "is_superuser": true, "username": "customer", "first_name": "", "last_name": "", "email": "customer@technotch.dev", "is_staff": true, "is_active": true, "date_joined": "2025-01-13T15:47:59.662Z", "role": "customer", "groups": [], "user_permissions": []}}, {"model": "core.customer", "pk": 1, "fields": {"name": "BITRIDGE LLC", "email": "hasan@bitridge.com", "website": "http://bitridge.com", "logo": "logos/logo_bitridge_final.png", "is_active": true, "created_at": "2024-12-26T16:55:20.055Z", "updated_at": "2024-12-30T07:34:48.978Z"}}, {"model": "core.customer", "pk": 2, "fields": {"name": "Kindred Technology Group, LLC", "email": "obas@kindredtehnology.com", "website": "https://kindredtechnology.com", "logo": "logos/Kindred-Technology-logo-profile.jpg", "is_active": true, "created_at": "2024-12-30T10:45:01.635Z", "updated_at": "2024-12-30T10:45:01.635Z"}}, {"model": "core.project", "pk": 1, "fields": {"customer": 1, "name": "Bitridge SEO", "description": "seo work", "start_date": "2024-12-26", "end_date": null, "is_active": true, "created_at": "2024-12-26T16:55:41.170Z", "updated_at": "2024-12-30T07:34:55.874Z", "providers": [2]}}, {"model": "core.project", "pk": 2, "fields": {"customer": 2, "name": "Kindred Technology Group SEO", "description": "Need to make sure that site get more organic traffic through SEO", "start_date": "2024-12-30", "end_date": "2025-01-31", "is_active": true, "created_at": "2024-12-30T10:46:11.068Z", "updated_at": "2024-12-30T10:55:23.448Z", "providers": [3]}}, {"model": "core.project", "pk": 3, "fields": {"customer": 2, "name": "Bates Insurance", "description": "On page and off page SEO work to get more traffic", "start_date": "2025-01-01", "end_date": "2025-01-31", "is_active": true, "created_at": "2024-12-30T10:57:41.253Z", "updated_at": "2024-12-30T10:57:41.253Z", "providers": [2, 3]}}, {"model": "core.seolog", "pk": 5, "fields": {"project": 1, "date": "2024-12-30", "created_by": 2, "work_type": "on_page", "description": "on page meta tags are done\r\nSpeed optimized to max for desktop and mobile\r\nsitemaps are setup\r\ngoogle analytics is setup", "created_at": "2024-12-30T10:15:54.641Z", "updated_at": "2025-01-09T12:40:19.143Z", "providers": []}}, {"model": "core.seolog", "pk": 8, "fields": {"project": 3, "date": "2025-01-09", "created_by": 1, "work_type": "analytics", "description": "Instlaled Google Analytics code and shared access with client", "created_at": "2025-01-09T13:18:15.169Z", "updated_at": "2025-01-09T13:18:15.169Z", "providers": []}}, {"model": "core.seologfile", "pk": 3, "fields": {"seo_log": 8, "file": "seo_logs/2025/01/09/14577.jpg", "work_type": "analytics", "file_name": "14577.jpg", "file_type": "image", "file_size": 651021, "uploaded_at": "2025-01-09T13:18:15.173Z"}}, {"model": "core.reportsection", "pk": 1, "fields": {"project": 1, "title": "Executive Overview", "content": "<p>this is executive summary for the work done</p>", "priority": 1, "created_at": "2024-12-30T08:50:41.867Z", "updated_at": "2024-12-30T08:50:41.867Z", "files": [], "seo_logs": []}}, {"model": "core.reportsection", "pk": 2, "fields": {"project": 1, "title": "overview", "content": "<p>Quibusdam illo dolores dolorem fugiat debitis quas ut eveniet sint est ut tempore facilis. Quasi doloribus saepe amet aspernatur animi dolores a quisquam ipsam. Mollitia provident totam esse eos corrupti officiis libero enim iure earum commodi eum modi. Iusto nam sapiente dolorum aliquid facere autem in est mollitia perferendis.</p><p>Temporibus enim esse voluptatem aperiam provident tempore in ab minus odio dolorem. Fugiat ullam animi beatae eveniet aspernatur aspernatur vel ut alias quidem. Et nihil et adipisci dolorum molestias accusantium aut minus itaque voluptatem est dolorum nulla quae officiis. Mollitia ut reprehenderit inventore veniam similique.</p><p>Optio labore non aut voluptates non eum ut necessitatibus recusandae molestias impedit rem qui itaque. Officiis vitae accusamus nihil dolorum nihil officiis ut facilis. Sunt rem velit cupiditate qui sit consequuntur error debitis est illo omnis odit. Repellat et consequatur distinctio nulla sit enim nihil. Praesentium nesciunt omnis voluptatem autem doloribus quibusdam ratione aut deleniti accusamus.</p><p>Est dolor aspernatur qui excepturi dolor aperiam amet. Sunt voluptas modi in eum et consequatur sed modi. Explicabo voluptatem qui voluptatem quibusdam corporis voluptatibus voluptas consequatur amet animi vel fugiat. Modi labore eum possimus voluptatum qui natus doloribus ipsam omnis laborum et minus. Dolorem harum odit earum non voluptate autem inventore id voluptas ut quasi deleniti.</p><p>Maxime expedita maiores eos sed sed earum autem reiciendis non odit. Numquam voluptatibus placeat et aut ut ut fuga labore debitis. Vel sunt cum corporis consequuntur dolor quis praesentium voluptatum illum totam sit. Earum adipisci delectus aliquid eum molestias accusantium soluta dolor inventore. Beatae aperiam voluptatum molestiae placeat quis et explicabo aut in voluptates.</p><p>Reiciendis autem sed voluptatem sequi consequuntur laboriosam dicta distinctio deleniti quibusdam quibusdam tempora aut. Molestiae facere voluptates iusto maiores omnis quia deleniti quia voluptatem asperiores consectetur ea. Quod id eos dicta deleniti quis veniam soluta voluptatem et deserunt fugiat cum incidunt omnis corporis. Iste qui nobis in nam molestias maiores architecto laboriosam placeat est.</p><p>Beatae et repellendus voluptas quos non eaque quam velit fugit pariatur similique tempora doloribus iste. Laborum dolorem ullam odit rerum veniam aliquam occaecati quibusdam est. Nobis officia quisquam ducimus cumque temporibus ut qui placeat suscipit et quis consequuntur nihil et illo. Temporibus magni aut ut ea dicta distinctio ad earum fugiat quo. Qui iste eius suscipit provident perspiciatis ea qui. Quia alias sed consectetur voluptas voluptates rerum laudantium accusantium molestias sunt ex temporibus sint.</p><p>Non incidunt id ullam aspernatur soluta praesentium aut tempora quaerat assumenda recusandae corrupti. Dolorem excepturi ratione in praesentium eligendi quam numquam repellat consequatur nostrum quasi et explicabo cum. Et quod molestias nesciunt deserunt sequi officia velit labore inventore voluptatem aliquid beatae est. Voluptas soluta maxime ipsa corporis iusto et consequatur qui molestias quaerat expedita aspernatur.</p><p>Eaque nam quisquam placeat eum excepturi et sit. Iusto non occaecati ex blanditiis distinctio deleniti ea saepe commodi aut et fugit. Enim dolorem quidem ipsam aliquid eius ducimus velit quae reiciendis ipsa ratione rerum reprehenderit. Est ad et delectus et porro. Tempora qui quia minima dicta et. Quis dicta dolorem consectetur est exercitationem consequatur vel suscipit animi nisi ea eveniet omnis.</p><p>Ea quod corporis debitis qui possimus ratione cum aut est non non dignissimos. Ex architecto et hic harum dolor repellat quibusdam rerum voluptas consequatur ipsa libero eaque velit. Quasi laudantium ut ut voluptates quae qui aliquam inventore doloremque tempore velit vel quia consectetur. Et esse iusto qui soluta nam. Aut itaque quos dignissimos qui voluptas sed fugiat eius ea.</p><p>Ut dolorem ut voluptas nulla provident quasi debitis iure totam praesentium. Sit magni quibusdam et et ut vel aut. Ut consequuntur consequatur dolores beatae impedit id fugiat porro perferendis minima aut laboriosam qui sequi. Excepturi omnis nemo quia nihil assumenda ipsam numquam impedit ut.</p><p>Maiores qui suscipit quis ut voluptatem eveniet suscipit modi culpa ut. Maxime suscipit eos vel porro aut. Blanditiis maiores eos officia ut perferendis est laboriosam quis. In et quo a maxime nemo necessitatibus aut dolor debitis amet quia architecto natus at voluptates. Qui sed officia eveniet nisi ducimus ipsa rerum voluptatum qui nesciunt ut.</p><p>Corporis mollitia expedita quidem et at recusandae accusamus temporibus iusto voluptas. Ipsam omnis vel voluptatum animi praesentium et. Ut voluptatum vel ipsa eum et harum. Minima inventore ipsam blanditiis hic qui ea odit sint eius.</p><p>Et reprehenderit voluptas nemo laborum qui et molestiae quidem natus quasi fugit et unde eum. Qui beatae odit officiis ducimus ea optio similique et quae officiis dolor libero voluptatum nihil occaecati. Voluptas dolore qui ipsum error enim commodi sit itaque qui amet. Vel unde aspernatur est aut dicta dolorem est et. Possimus incidunt aut rerum voluptatum magni illo quisquam.</p><p>Architecto dolores ipsam numquam assumenda consequatur illum consequatur nam ab dolorem dolorem. Illo nemo vero vel atque quibusdam eum nulla ipsum vero quae voluptas ea. Nulla voluptatem omnis odio molestiae architecto mollitia qui. Neque ut enim aperiam eos voluptate.</p><p>Et pariatur ea odio voluptatem veritatis quisquam et doloribus occaecati eum. Accusamus assumenda quibusdam laudantium optio voluptas eaque placeat et quia laudantium modi nam. Vel enim voluptates itaque itaque qui unde eum unde sed quia non facere laudantium id sed. Amet alias autem sunt perspiciatis quaerat dolor qui ut enim nemo voluptas eos. Sint consequatur et quos distinctio voluptatem non accusamus et ut dolorum ut totam sed.</p><p>Facere iure optio aut est doloribus maiores dolorem nostrum qui. Necessitatibus odio error itaque consectetur alias vero quia doloremque. Ut reprehenderit quo libero autem incidunt eos. Dolorum laborum natus facere ad aperiam iusto. Voluptas sit et quas quia ex sed nisi asperiores provident odit quia fuga ea voluptate porro.</p><p>Minima ut ut non nam ut repellat. Omnis exercitationem mollitia eum ut magni et doloremque error itaque eaque dolore. Ut doloremque neque dignissimos odio est itaque veritatis eum corporis molestiae voluptatem nostrum quasi quod ut. Numquam enim omnis a voluptate fugit pariatur officiis occaecati ab voluptate nobis voluptatem molestiae. Modi iure error aperiam sequi commodi assumenda repellat ut dolores.</p><p>Maxime ut ipsa vero quis voluptas sequi sint. Inventore corporis nemo labore ullam sunt qui quis et iure rerum et. Nihil praesentium quae officia numquam temporibus non. Et voluptate exercitationem labore dolorem tempore cum et ab beatae quisquam tempore omnis ut. Porro est laborum odio doloremque provident a incidunt tempora aspernatur quis.</p><p>Minima sed mollitia quod excepturi libero vel non eum non fuga. Pariatur delectus sequi placeat voluptatum et eius ut porro ut doloribus non. Omnis voluptatum maiores eum aut enim. Magni ab nisi et exercitationem eum quis ullam. Temporibus omnis totam iusto quod quasi voluptas molestiae nobis aut inventore.</p>", "priority": 1, "created_at": "2025-01-09T12:02:11.726Z", "updated_at": "2025-01-09T12:02:11.726Z", "files": [], "seo_logs": [5]}}, {"model": "core.reportsection", "pk": 3, "fields": {"project": 1, "title": "Overview", "content": "<p>Dolor est harum repellat quia ut eligendi dolores aut est.</p>", "priority": 1, "created_at": "2025-01-09T12:41:32.313Z", "updated_at": "2025-01-09T12:41:32.313Z", "files": [], "seo_logs": [5]}}, {"model": "core.reportsection", "pk": 4, "fields": {"project": 1, "title": "Main work", "content": "<p>PASSPORT NUMBER: CF5126313</p>", "priority": 1, "created_at": "2025-01-09T12:51:04.630Z", "updated_at": "2025-01-09T12:51:04.630Z", "files": [], "seo_logs": [5]}}, {"model": "core.reportsection", "pk": 5, "fields": {"project": 2, "title": "Future Prospects", "content": "<p>Did Qui atque id sequi blanditiis autem optio et quia sit quia ex quis totam corrupti. Eos aut sit eum quaerat beatae quia perferendis et quia. Aut commodi cum ratione maxime totam ut quisquam eos blanditiis non dolores est provident. Voluptatem eum voluptate quis quae repudiandae porro quos quo. Rerum sint omnis in est consequatur aspernatur itaque ut. In necessitatibus accusantium ipsa voluptatem ut et possimus et alias voluptatem sequi eum porro nihil.</p><p><font color=\"#000000\" style=\"background-color: rgb(255, 255, 0);\"><b>Labore totam ut facere debitis ut qui. Ducimus nemo laudantium et laboriosam reiciendis est consequuntur quidem nam. Aut quae quisquam dicta minima est est qui in non dolorem. Odio fugiat repellendus aut quaerat nostrum delectus nihil eius ut distinctio. Quibusdam eos ut unde commodi non aperiam et natus. Cupiditate nobis et velit omnis quibusdam deserunt est similique quia ipsa.</b></font></p><p><br></p>", "priority": 1, "created_at": "2025-01-09T12:57:45.694Z", "updated_at": "2025-01-09T12:57:45.694Z", "files": [], "seo_logs": []}}, {"model": "core.reportsection", "pk": 6, "fields": {"project": 1, "title": "traffic increased", "content": "<p>massiave traffic increase in GA</p>", "priority": 1, "created_at": "2025-01-09T13:15:40.997Z", "updated_at": "2025-01-09T13:15:40.997Z", "files": [], "seo_logs": [5]}}, {"model": "core.reportsection", "pk": 7, "fields": {"project": 1, "title": "SEMrush stats", "content": "<p>see improvement in SEMrush stats</p>", "priority": 2, "created_at": "2025-01-09T13:15:41.006Z", "updated_at": "2025-01-09T13:15:41.006Z", "files": [], "seo_logs": [5]}}, {"model": "core.reportsection", "pk": 8, "fields": {"project": 3, "title": "Traffic analysis", "content": "<p>massiave traffic increase compared to previous month</p>", "priority": 1, "created_at": "2025-01-09T13:19:22.203Z", "updated_at": "2025-01-09T13:19:22.203Z", "files": [], "seo_logs": [8]}}, {"model": "core.reportsection", "pk": 9, "fields": {"project": 3, "title": "SEM rush stats", "content": "<p>here are SEM rush stats</p>", "priority": 1, "created_at": "2025-01-09T13:53:24.552Z", "updated_at": "2025-01-09T13:53:24.552Z", "files": [], "seo_logs": [8]}}, {"model": "core.reportsection", "pk": 10, "fields": {"project": 3, "title": "Here is analytics stat", "content": "<p>google analytics states are here</p><p>Sequi quod aspernatur odit distinctio modi eius praesentium. Ab veniam voluptatem iusto qui sit itaque aliquid iusto in voluptate. Fugit nam voluptatem maxime est et est ut. Atque hic eum qui doloremque ipsam dolor aut velit vitae explicabo earum fugiat. Iure et quas minus nisi itaque fugiat.</p><p>Numquam placeat animi enim aut explicabo molestiae ut dignissimos sunt ex. Ut quas velit neque deserunt consectetur. Vero soluta vero doloremque et voluptas non mollitia eligendi pariatur ut. Ut eius sed dolores ut consequatur officia autem voluptates. Officiis porro ad hic ut laboriosam voluptatum fuga vero optio esse id blanditiis libero incidunt. Quis quis rerum voluptas enim ipsum nobis nostrum molestiae aut iusto temporibus voluptatum laborum.</p>", "priority": 2, "created_at": "2025-01-09T13:53:24.560Z", "updated_at": "2025-01-09T13:53:24.560Z", "files": [], "seo_logs": [8]}}, {"model": "core.reportsection", "pk": 11, "fields": {"project": 3, "title": "Section 3 of report", "content": "<p>Omnis beatae doloremque similique ut quo ad rerum ex illo at voluptates id sunt.</p>", "priority": 1, "created_at": "2025-01-09T14:23:32.898Z", "updated_at": "2025-01-09T14:23:32.898Z", "files": [], "seo_logs": []}}, {"model": "core.reportsection", "pk": 12, "fields": {"project": 3, "title": "SEction one GA", "content": "<p>Quis error earum minus est t<font color=\"#000000\" style=\"background-color: rgb(255, 255, 0);\">empore quasi quos sint dolores quas assumenda est placeat facilis omnis. Eaque id voluptatem ex pariatur laborum laborum totam accusantium praesentium. Cumque sint vel autem autem porro. Laborum molestiae voluptatum sint corrupti aut</font></p>", "priority": 1, "created_at": "2025-01-09T14:27:19.596Z", "updated_at": "2025-01-09T14:27:19.596Z", "files": [], "seo_logs": [8]}}, {"model": "core.reportsection", "pk": 13, "fields": {"project": 3, "title": "SECTION 2 SEM Rush", "content": "<p><span style=\"background-color: var(--bs-card-bg); color: var(--bs-body-color); font-family: Inter, -apple-system, BlinkMacSystemFont, &quot;Segoe UI&quot;, Roboto, &quot;Helvetica Neue&quot;, Arial, sans-serif; font-size: var(--bs-body-font-size); text-align: var(--bs-body-text-align);\"><b>m. Cum tempora debitis repudiandae sit ullam aut ut repellendus sed dolor. Iusto rerum voluptatem porro enim voluptas eveniet sunt sed facilis. Est et sit enim dolor at.</b></span></p>", "priority": 2, "created_at": "2025-01-09T14:27:19.603Z", "updated_at": "2025-01-09T14:27:19.603Z", "files": [], "seo_logs": [8]}}, {"model": "core.reportsection", "pk": 14, "fields": {"project": 3, "title": "Section 3 AHrefs", "content": "<p><span style=\"font-family: Inter, -apple-system, BlinkMacSystemFont, &quot;Segoe UI&quot;, Roboto, &quot;Helvetica Neue&quot;, Arial, sans-serif; font-size: var(--bs-body-font-size); font-weight: var(--bs-body-font-weight); text-align: var(--bs-body-text-align); background-color: rgb(255, 255, 0);\"><font color=\"#000000\" style=\"\">ssimus quis temporibus fuga veritatis sapiente quisquam accusamus id vel. Facere earum vero quam velit consequatur quasi est corrupti. Sed labore repellendus neque con</font></span><span style=\"background-color: var(--bs-card-bg); color: var(--bs-body-color); font-family: Inter, -apple-system, BlinkMacSystemFont, &quot;Segoe UI&quot;, Roboto, &quot;Helvetica Neue&quot;, Arial, sans-serif; font-size: var(--bs-body-font-size); font-weight: var(--bs-body-font-weight); text-align: var(--bs-body-text-align);\">sequatur aut quos in enim. Cum tempora debitis repudiandae sit ullam aut ut repellendus sed dolor. Iusto rerum voluptatem porro enim voluptas eveniet sunt sed facilis. Est et sit enim dolor at.</span></p>", "priority": 3, "created_at": "2025-01-09T14:27:19.607Z", "updated_at": "2025-01-09T14:27:19.607Z", "files": [], "seo_logs": [8]}}, {"model": "core.reportattachment", "pk": 1, "fields": {"report_section": 2, "title": "20241227194855.jpg", "description": "", "file": "report_attachments/2025/01/20241227194855.jpg", "file_type": "image/jpeg", "file_size": 217039, "created_at": "2025-01-09T12:02:11.733Z", "updated_at": "2025-01-09T12:02:11.733Z"}}, {"model": "core.reportattachment", "pk": 2, "fields": {"report_section": 3, "title": "main_banner_v5.jpg", "description": "", "file": "report_attachments/2025/01/main_banner_v5.jpg", "file_type": "image/jpeg", "file_size": 255311, "created_at": "2025-01-09T12:41:32.319Z", "updated_at": "2025-01-09T12:41:32.319Z"}}, {"model": "core.reportattachment", "pk": 3, "fields": {"report_section": 4, "title": "5.jpg", "description": "", "file": "report_attachments/2025/01/5.jpg", "file_type": "image/jpeg", "file_size": 439213, "created_at": "2025-01-09T12:51:04.636Z", "updated_at": "2025-01-09T12:51:04.636Z"}}, {"model": "core.reportattachment", "pk": 4, "fields": {"report_section": 5, "title": "api request.jpg", "description": "", "file": "report_attachments/2025/01/api_request.jpg", "file_type": "image/jpeg", "file_size": 58955, "created_at": "2025-01-09T12:57:45.698Z", "updated_at": "2025-01-09T12:57:45.698Z"}}, {"model": "core.reportattachment", "pk": 5, "fields": {"report_section": 6, "title": "14577.jpg", "description": "", "file": "report_attachments/2025/01/14577.jpg", "file_type": "image/jpeg", "file_size": 651021, "created_at": "2025-01-09T13:15:41.003Z", "updated_at": "2025-01-09T13:15:41.003Z"}}, {"model": "core.reportattachment", "pk": 6, "fields": {"report_section": 7, "title": "WhatsApp Image 2024-12-18 at 9.28.44 PM.jpeg", "description": "", "file": "report_attachments/2025/01/WhatsApp_Image_2024-12-18_at_9.28.44_PM.jpeg", "file_type": "image/jpeg", "file_size": 61667, "created_at": "2025-01-09T13:15:41.009Z", "updated_at": "2025-01-09T13:15:41.009Z"}}, {"model": "core.reportattachment", "pk": 7, "fields": {"report_section": 8, "title": "test file png.jpg", "description": "", "file": "report_attachments/2025/01/test_file_png.jpg", "file_type": "image/jpeg", "file_size": 81808, "created_at": "2025-01-09T13:19:22.209Z", "updated_at": "2025-01-09T13:19:22.209Z"}}, {"model": "core.reportattachment", "pk": 8, "fields": {"report_section": 9, "title": "5.jpg", "description": "", "file": "report_attachments/2025/01/5_xyFkuld.jpg", "file_type": "image/jpeg", "file_size": 439213, "created_at": "2025-01-09T13:53:24.558Z", "updated_at": "2025-01-09T13:53:24.558Z"}}, {"model": "core.reportattachment", "pk": 9, "fields": {"report_section": 10, "title": "4240.jpg", "description": "", "file": "report_attachments/2025/01/4240.jpg", "file_type": "image/jpeg", "file_size": 1317819, "created_at": "2025-01-09T13:53:24.563Z", "updated_at": "2025-01-09T13:53:24.563Z"}}, {"model": "core.reportattachment", "pk": 10, "fields": {"report_section": 12, "title": "20241227194855.jpg", "description": "", "file": "report_20241227194855_20250109_142719_3f10e133.jpg", "file_type": "image", "file_size": 217039, "created_at": "2025-01-09T14:27:19.601Z", "updated_at": "2025-01-09T14:27:19.601Z"}}, {"model": "core.reportattachment", "pk": 11, "fields": {"report_section": 13, "title": "3218f25e-32ae-4a96-8535-2a399fcb1d3c.jpg", "description": "", "file": "report_3218f25e-32ae-4a96-8535-2a399fcb1d3c_20250109_142719_18ff4219.jpg", "file_type": "image", "file_size": 1811890, "created_at": "2025-01-09T14:27:19.606Z", "updated_at": "2025-01-09T14:27:19.606Z"}}, {"model": "core.reportattachment", "pk": 12, "fields": {"report_section": 14, "title": "Screen Shot 2025-01-03 at 6.27.11 AM (1).png", "description": "", "file": "report_Screen_Shot_2025-01-03_at_6.27.11_AM_1_20250109_142719_bb7a8e88.png", "file_type": "image", "file_size": 348276, "created_at": "2025-01-09T14:27:19.610Z", "updated_at": "2025-01-09T14:27:19.610Z"}}, {"model": "core.report", "pk": 9, "fields": {"project": 3, "title": "Monthly SEO Review", "description": "Quis error earum minus est tempore quasi quos sint dolores quas assumenda est placeat facilis omnis. Eaque id voluptatem ex pariatur laborum laborum totam accusantium praesentium. Cumque sint vel autem autem porro. Laborum molestiae voluptatum sint corrupti aut.\r\nAdipisci sequi possimus quis temporibus fuga veritatis sapiente quisquam accusamus id vel. Facere earum vero quam velit consequatur quasi est corrupti. Sed labore repellendus neque consequatur aut quos in enim. Cum tempora debitis repudiandae sit ullam aut ut repellendus sed dolor. Iusto rerum voluptatem porro enim voluptas eveniet sunt sed facilis. Est et sit enim dolor at.", "created_by": 1, "created_at": "2025-01-09T14:27:19.595Z", "updated_at": "2025-01-09T14:27:19.595Z", "version": 1, "status": "draft", "is_template": false, "publish_date": null, "last_reviewed_by": null, "last_reviewed_at": null, "review_notes": ""}}, {"model": "core.reportsectionorder", "pk": 12, "fields": {"report": 9, "section": 12, "order": 1, "page_break_before": true}}, {"model": "core.reportsectionorder", "pk": 13, "fields": {"report": 9, "section": 13, "order": 2, "page_break_before": true}}, {"model": "core.reportsectionorder", "pk": 14, "fields": {"report": 9, "section": 14, "order": 3, "page_break_before": true}}, {"model": "core.reportversion", "pk": 9, "fields": {"report": 9, "version_number": 1, "created_by": 1, "created_at": "2025-01-09T14:27:19.611Z", "changes": "Initial version", "pdf_file": ""}}, {"model": "core.attachmentaccess", "pk": 1, "fields": {"attachment": 2, "user": 1, "accessed_at": "2025-01-09T12:46:54.652Z", "ip_address": "127.0.0.1", "user_agent": "Mozilla/5.0 (Macintosh; Intel Mac OS X 10_15_7) AppleWebKit/537.36 (KHTML, like Gecko) Chrome/131.0.0.0 Safari/537.36"}}, {"model": "core.attachmentaccess", "pk": 2, "fields": {"attachment": 2, "user": 1, "accessed_at": "2025-01-09T12:51:16.038Z", "ip_address": "127.0.0.1", "user_agent": "Mozilla/5.0 (Macintosh; Intel Mac OS X 10_15_7) AppleWebKit/537.36 (KHTML, like Gecko) Chrome/131.0.0.0 Safari/537.36"}}, {"model": "core.attachmentaccess", "pk": 3, "fields": {"attachment": 3, "user": 1, "accessed_at": "2025-01-09T12:51:29.423Z", "ip_address": "127.0.0.1", "user_agent": "Mozilla/5.0 (Macintosh; Intel Mac OS X 10_15_7) AppleWebKit/537.36 (KHTML, like Gecko) Chrome/131.0.0.0 Safari/537.36"}}, {"model": "core.attachmentaccess", "pk": 4, "fields": {"attachment": 4, "user": 1, "accessed_at": "2025-01-09T12:58:02.799Z", "ip_address": "127.0.0.1", "user_agent": "Mozilla/5.0 (Macintosh; Intel Mac OS X 10_15_7) AppleWebKit/537.36 (KHTML, like Gecko) Chrome/131.0.0.0 Safari/537.36"}}, {"model": "core.attachmentaccess", "pk": 5, "fields": {"attachment": 6, "user": 1, "accessed_at": "2025-01-09T13:15:47.191Z", "ip_address": "127.0.0.1", "user_agent": "Mozilla/5.0 (Macintosh; Intel Mac OS X 10_15_7) AppleWebKit/537.36 (KHTML, like Gecko) Chrome/131.0.0.0 Safari/537.36"}}, {"model": "core.usersettings", "pk": 1, "fields": {"user": 2, "notify_new_project": true, "notify_new_log": true, "notify_report": true, "theme": "dark", "date_format": "YYYY-MM-DD", "report_format": "pdf", "report_logo": "", "keep_as_draft": true, "ga_tracking_id": "", "gsc_verification": "", "smtp_host": "", "smtp_port": null, "smtp_security": "tls", "auto_backup": false, "backup_frequency": "weekly", "created_at": "2024-12-26T17:10:40.334Z", "updated_at": "2024-12-26T18:28:35.383Z"}}, {"model": "core.usersettings", "pk": 2, "fields": {"user": 1, "notify_new_project": true, "notify_new_log": true, "notify_report": true, "theme": "dark", "date_format": "DD/MM/YYYY", "report_format": "pdf", "report_logo": "", "keep_as_draft": true, "ga_tracking_id": "", "gsc_verification": "", "smtp_host": "", "smtp_port": null, "smtp_security": "tls", "auto_backup": false, "backup_frequency": "weekly", "created_at": "2024-12-26T17:33:16.636Z", "updated_at": "2024-12-26T17:33:26.423Z"}}, {"model": "core.usersettings", "pk": 3, "fields": {"user": 3, "notify_new_project": true, "notify_new_log": true, "notify_report": true, "theme": "light", "date_format": "YYYY-MM-DD", "report_format": "pdf", "report_logo": "", "keep_as_draft": true, "ga_tracking_id": "", "gsc_verification": "", "smtp_host": "", "smtp_port": null, "smtp_security": "tls", "auto_backup": false, "backup_frequency": "weekly", "created_at": "2024-12-30T10:39:43.246Z", "updated_at": "2024-12-30T10:39:43.246Z"}}]